YR-MON,Silver,Silver-1,Silver-2,Silver-3,Silver-4,Silver-5,Silver-6,Copper,Copper-1,Copper-2,Copper-3,Copper-4,Copper-5,Copper-6,Steel,Steel-1,Steel-2,Steel-3,Steel-4,Steel-5,Steel-6,PriceIncrDate
2009-Sep,0.142,0.074,-0.088,0.045,0.121,-0.046,-0.022,0.005,0.176,0.047,0.088,0.032,0.182,0.141,0.036,0.049,0.041,0.011,0.002,-0.061,-0.03,0
2009-Oct,0.052,0.142,0.074,-0.088,0.045,0.121,-0.046,0.018,0.005,0.176,0.047,0.088,0.032,0.182,0.012,0.036,0.049,0.041,0.011,0.002,-0.061,0
2009-Nov,0.034,0.052,0.142,0.074,-0.088,0.045,0.121,0.055,0.018,0.005,0.176,0.047,0.088,0.032,-0.024,0.012,0.036,0.049,0.041,0.011,0.002,0
2009-Dec,-0.008,0.034,0.052,0.142,0.074,-0.088,0.045,0.05,0.055,0.018,0.005,0.176,0.047,0.088,0.023,-0.024,0.012,0.036,0.049,0.041,0.011,0
2010-Jan,0.006,-0.008,0.034,0.052,0.142,0.074,-0.088,0.048,0.05,0.055,0.018,0.005,0.176,0.047,0.051,0.023,-0.024,0.012,0.036,0.049,0.041,0
2010-Feb,-0.108,0.006,-0.008,0.034,0.052,0.142,0.074,-0.068,0.048,0.05,0.055,0.018,0.005,0.176,0.025,0.051,0.023,-0.024,0.012,0.036,0.049,0
2010-Mar,0.078,-0.108,0.006,-0.008,0.034,0.052,0.142,0.092,-0.068,0.048,0.05,0.055,0.018,0.005,0.046,0.025,0.051,0.023,-0.024,0.012,0.036,0
2010-Apr,0.058,0.078,-0.108,0.006,-0.008,0.034,0.052,0.035,0.092,-0.068,0.048,0.05,0.055,0.018,0.052,0.046,0.025,0.051,0.023,-0.024,0.012,0
2010-May,0.018,0.058,0.078,-0.108,0.006,-0.008,0.034,-0.116,0.035,0.092,-0.068,0.048,0.05,0.055,0.015,0.052,0.046,0.025,0.051,0.023,-0.024,0
2010-Jun,0.002,0.018,0.058,0.078,-0.108,0.006,-0.008,-0.056,-0.116,0.035,0.092,-0.068,0.048,0.05,-0.008,0.015,0.052,0.046,0.025,0.051,0.023,0
2010-Jul,-0.027,0.002,0.018,0.058,0.078,-0.108,0.006,0.044,-0.056,-0.116,0.035,0.092,-0.068,0.048,-0.037,-0.008,0.015,0.052,0.046,0.025,0.051,0
2010-Aug,0.022,-0.027,0.002,0.018,0.058,0.078,-0.108,0.082,0.044,-0.056,-0.116,0.035,0.092,-0.068,-0.013,-0.037,-0.008,0.015,0.052,0.046,0.025,0
2010-Sep,0.119,0.022,-0.027,0.002,0.018,0.058,0.078,0.06,0.082,0.044,-0.056,-0.116,0.035,0.092,0.01,-0.013,-0.037,-0.008,0.015,0.052,0.046,0
2010-Oct,0.138,0.119,0.022,-0.027,0.002,0.018,0.058,0.073,0.06,0.082,0.044,-0.056,-0.116,0.035,-0.006,0.01,-0.013,-0.037,-0.008,0.015,0.052,0
2010-Nov,0.135,0.138,0.119,0.022,-0.027,0.002,0.018,0.018,0.073,0.06,0.082,0.044,-0.056,-0.116,0,-0.006,0.01,-0.013,-0.037,-0.008,0.015,0
2010-Dec,0.106,0.135,0.138,0.119,0.022,-0.027,0.002,0.085,0.018,0.073,0.06,0.082,0.044,-0.056,0.026,0,-0.006,0.01,-0.013,-0.037,-0.008,0
2011-Jan,-0.032,0.106,0.135,0.138,0.119,0.022,-0.027,0.043,0.085,0.018,0.073,0.06,0.082,0.044,0.05,0.026,0,-0.006,0.01,-0.013,-0.037,0
2011-Feb,0.084,-0.032,0.106,0.135,0.138,0.119,0.022,0.033,0.043,0.085,0.018,0.073,0.06,0.082,0.037,0.05,0.026,0,-0.006,0.01,-0.013,0
2011-Mar,0.164,0.084,-0.032,0.106,0.135,0.138,0.119,-0.037,0.033,0.043,0.085,0.018,0.073,0.06,0.018,0.037,0.05,0.026,0,-0.006,0.01,0
2011-Apr,0.172,0.164,0.084,-0.032,0.106,0.135,0.138,-0.007,-0.037,0.033,0.043,0.085,0.018,0.073,0.017,0.018,0.037,0.05,0.026,0,-0.006,0
2011-May,-0.124,0.172,0.164,0.084,-0.032,0.106,0.135,-0.055,-0.007,-0.037,0.033,0.043,0.085,0.018,-0.003,0.017,0.018,0.037,0.05,0.026,0,0
2011-Jun,-0.026,-0.124,0.172,0.164,0.084,-0.032,0.106,0.012,-0.055,-0.007,-0.037,0.033,0.043,0.085,-0.001,-0.003,0.017,0.018,0.037,0.05,0.026,0
2011-Jul,0.059,-0.026,-0.124,0.172,0.164,0.084,-0.032,0.072,0.012,-0.055,-0.007,-0.037,0.033,0.043,0.002,-0.001,-0.003,0.017,0.018,0.037,0.05,0
2011-Aug,0.063,0.059,-0.026,-0.124,0.172,0.164,0.084,-0.074,0.072,0.012,-0.055,-0.007,-0.037,0.033,-0.002,0.002,-0.001,-0.003,0.017,0.018,0.037,0
2011-Sep,-0.053,0.063,0.059,-0.026,-0.124,0.172,0.164,-0.081,-0.074,0.072,0.012,-0.055,-0.007,-0.037,0.002,-0.002,0.002,-0.001,-0.003,0.017,0.018,0
2011-Oct,-0.162,-0.053,0.063,0.059,-0.026,-0.124,0.172,-0.107,-0.081,-0.074,0.072,0.012,-0.055,-0.007,-0.007,0.002,-0.002,0.002,-0.001,-0.003,0.017,0
2011-Nov,0.035,-0.162,-0.053,0.063,0.059,-0.026,-0.124,0.029,-0.107,-0.081,-0.074,0.072,0.012,-0.055,-0.025,-0.007,0.002,-0.002,0.002,-0.001,-0.003,0
2011-Dec,-0.081,0.035,-0.162,-0.053,0.063,0.059,-0.026,-0.003,0.029,-0.107,-0.081,-0.074,0.072,0.012,0.013,-0.025,-0.007,0.002,-0.002,0.002,-0.001,0
2012-Jan,0.012,-0.081,0.035,-0.162,-0.053,0.063,0.059,0.069,-0.003,0.029,-0.107,-0.081,-0.074,0.072,0.017,0.013,-0.025,-0.007,0.002,-0.002,0.002,0
2012-Feb,0.11,0.012,-0.081,0.035,-0.162,-0.053,0.063,0.048,0.069,-0.003,0.029,-0.107,-0.081,-0.074,-0.011,0.017,0.013,-0.025,-0.007,0.002,-0.002,0
2012-Mar,-0.035,0.11,0.012,-0.081,0.035,-0.162,-0.053,-0.002,0.048,0.069,-0.003,0.029,-0.107,-0.081,-0.002,-0.011,0.017,0.013,-0.025,-0.007,0.002,0
2012-Apr,-0.043,-0.035,0.11,0.012,-0.081,0.035,-0.162,-0.032,-0.002,0.048,0.069,-0.003,0.029,-0.107,-0.004,-0.002,-0.011,0.017,0.013,-0.025,-0.007,0
2012-May,-0.091,-0.043,-0.035,0.11,0.012,-0.081,0.035,-0.041,-0.032,-0.002,0.048,0.069,-0.003,0.029,-0.007,-0.004,-0.002,-0.011,0.017,0.013,-0.025,0
2012-Jun,-0.022,-0.091,-0.043,-0.035,0.11,0.012,-0.081,-0.062,-0.041,-0.032,-0.002,0.048,0.069,-0.003,-0.046,-0.007,-0.004,-0.002,-0.011,0.017,0.013,0
2012-Jul,-0.022,-0.022,-0.091,-0.043,-0.035,0.11,0.012,0.028,-0.062,-0.041,-0.032,-0.002,0.048,0.069,-0.029,-0.046,-0.007,-0.004,-0.002,-0.011,0.017,1
2012-Aug,0.046,-0.022,-0.022,-0.091,-0.043,-0.035,0.11,-0.008,0.028,-0.062,-0.041,-0.032,-0.002,0.048,0.005,-0.029,-0.046,-0.007,-0.004,-0.002,-0.011,1
2012-Sep,0.171,0.046,-0.022,-0.022,-0.091,-0.043,-0.035,0.086,-0.008,0.028,-0.062,-0.041,-0.032,-0.002,0.002,0.005,-0.029,-0.046,-0.007,-0.004,-0.002,0
2012-Oct,-0.013,0.171,0.046,-0.022,-0.022,-0.091,-0.043,-0.01,0.086,-0.008,0.028,-0.062,-0.041,-0.032,-0.038,0.002,0.005,-0.029,-0.046,-0.007,-0.004,0
2012-Nov,-0.012,-0.013,0.171,0.046,-0.022,-0.022,-0.091,-0.045,-0.01,0.086,-0.008,0.028,-0.062,-0.041,0.018,-0.038,0.002,0.005,-0.029,-0.046,-0.007,0
2012-Dec,-0.025,-0.012,-0.013,0.171,0.046,-0.022,-0.022,0.036,-0.045,-0.01,0.086,-0.008,0.028,-0.062,0.006,0.018,-0.038,0.002,0.005,-0.029,-0.046,0
2013-Jan,-0.027,-0.025,-0.012,-0.013,0.171,0.046,-0.022,0.014,0.036,-0.045,-0.01,0.086,-0.008,0.028,-0.01,0.006,0.018,-0.038,0.002,0.005,-0.029,0
2013-Feb,-0.025,-0.027,-0.025,-0.012,-0.013,0.171,0.046,-0.002,0.014,0.036,-0.045,-0.01,0.086,-0.008,-0.009,-0.01,0.006,0.018,-0.038,0.002,0.005,0
2013-Mar,-0.05,-0.025,-0.027,-0.025,-0.012,-0.013,0.171,-0.053,-0.002,0.014,0.036,-0.045,-0.01,0.086,0.012,-0.009,-0.01,0.006,0.018,-0.038,0.002,1
2013-Apr,-0.125,-0.05,-0.025,-0.027,-0.025,-0.012,-0.013,-0.058,-0.053,-0.002,0.014,0.036,-0.045,-0.01,-0.003,0.012,-0.009,-0.01,0.006,0.018,-0.038,1
2013-May,-0.087,-0.125,-0.05,-0.025,-0.027,-0.025,-0.012,0.007,-0.058,-0.053,-0.002,0.014,0.036,-0.045,-0.021,-0.003,0.012,-0.009,-0.01,0.006,0.018,1
2013-Jun,-0.083,-0.087,-0.125,-0.05,-0.025,-0.027,-0.025,-0.036,0.007,-0.058,-0.053,-0.002,0.014,0.036,-0.005,-0.021,-0.003,0.012,-0.009,-0.01,0.006,1
2013-Jul,-0.066,-0.083,-0.087,-0.125,-0.05,-0.025,-0.027,-0.014,-0.036,0.007,-0.058,-0.053,-0.002,0.014,0.014,-0.005,-0.021,-0.003,0.012,-0.009,-0.01,1
2013-Aug,0.108,-0.066,-0.083,-0.087,-0.125,-0.05,-0.025,0.046,-0.014,-0.036,0.007,-0.058,-0.053,-0.002,0,0.014,-0.005,-0.021,-0.003,0.012,-0.009,0
2013-Sep,0.033,0.108,-0.066,-0.083,-0.087,-0.125,-0.05,-0.003,0.046,-0.014,-0.036,0.007,-0.058,-0.053,-0.006,0,0.014,-0.005,-0.021,-0.003,0.012,0
2013-Oct,-0.029,0.033,0.108,-0.066,-0.083,-0.087,-0.125,0.005,-0.003,0.046,-0.014,-0.036,0.007,-0.058,0.004,-0.006,0,0.014,-0.005,-0.021,-0.003,0
2013-Nov,-0.053,-0.029,0.033,0.108,-0.066,-0.083,-0.087,-0.023,0.005,-0.003,0.046,-0.014,-0.036,0.007,0.018,0.004,-0.006,0,0.014,-0.005,-0.021,0
2013-Dec,-0.055,-0.053,-0.029,0.033,0.108,-0.066,-0.083,0.034,-0.023,0.005,-0.003,0.046,-0.014,-0.036,0.016,0.018,0.004,-0.006,0,0.014,-0.005,0
2014-Jan,0.015,-0.055,-0.053,-0.029,0.033,0.108,-0.066,-0.002,0.034,-0.023,0.005,-0.003,0.046,-0.014,0.024,0.016,0.018,0.004,-0.006,0,0.014,1
2014-Feb,0.046,0.015,-0.055,-0.053,-0.029,0.033,0.108,-0.022,-0.002,0.034,-0.023,0.005,-0.003,0.046,-0.013,0.024,0.016,0.018,0.004,-0.006,0,1
2014-Mar,-0.004,0.046,0.015,-0.055,-0.053,-0.029,0.033,-0.07,-0.022,-0.002,0.034,-0.023,0.005,-0.003,-0.015,-0.013,0.024,0.016,0.018,0.004,-0.006,0
2014-Apr,-0.049,-0.004,0.046,0.015,-0.055,-0.053,-0.029,0.012,-0.07,-0.022,-0.002,0.034,-0.023,0.005,0.014,-0.015,-0.013,0.024,0.016,0.018,0.004,0
2014-May,-0.018,-0.049,-0.004,0.046,0.015,-0.055,-0.053,0.022,0.012,-0.07,-0.022,-0.002,0.034,-0.023,-0.005,0.014,-0.015,-0.013,0.024,0.016,0.018,1
2014-Jun,0.022,-0.018,-0.049,-0.004,0.046,0.015,-0.055,-0.006,0.022,0.012,-0.07,-0.022,-0.002,0.034,-0.004,-0.005,0.014,-0.015,-0.013,0.024,0.016,1
2014-Jul,0.058,0.022,-0.018,-0.049,-0.004,0.046,0.015,0.044,-0.006,0.022,0.012,-0.07,-0.022,-0.002,0,-0.004,-0.005,0.014,-0.015,-0.013,0.024,0
2014-Aug,-0.054,0.058,0.022,-0.018,-0.049,-0.004,0.046,-0.022,0.044,-0.006,0.022,0.012,-0.07,-0.022,0.001,0,-0.004,-0.005,0.014,-0.015,-0.013,1
2014-Sep,-0.066,-0.054,0.058,0.022,-0.018,-0.049,-0.004,-0.022,-0.022,0.044,-0.006,0.022,0.012,-0.07,0.004,0.001,0,-0.004,-0.005,0.014,-0.015,1
2014-Oct,-0.07,-0.066,-0.054,0.058,0.022,-0.018,-0.049,-0.02,-0.022,-0.022,0.044,-0.006,0.022,0.012,-0.015,0.004,0.001,0,-0.004,-0.005,0.014,1
2014-Nov,-0.071,-0.07,-0.066,-0.054,0.058,0.022,-0.018,-0.008,-0.02,-0.022,-0.022,0.044,-0.006,0.022,-0.018,-0.015,0.004,0.001,0,-0.004,-0.005,0
2014-Dec,0.017,-0.071,-0.07,-0.066,-0.054,0.058,0.022,-0.039,-0.008,-0.02,-0.022,-0.022,0.044,-0.006,-0.01,-0.018,-0.015,0.004,0.001,0,-0.004,0
2015-Jan,0.053,0.017,-0.071,-0.07,-0.066,-0.054,0.058,-0.092,-0.039,-0.008,-0.02,-0.022,-0.022,0.044,-0.007,-0.01,-0.018,-0.015,0.004,0.001,0,0
2015-Feb,-0.015,0.053,0.017,-0.071,-0.07,-0.066,-0.054,-0.01,-0.092,-0.039,-0.008,-0.02,-0.022,-0.022,-0.059,-0.007,-0.01,-0.018,-0.015,0.004,0.001,0
2015-Mar,-0.037,-0.015,0.053,0.017,-0.071,-0.07,-0.066,0.036,-0.01,-0.092,-0.039,-0.008,-0.02,-0.022,-0.019,-0.059,-0.007,-0.01,-0.018,-0.015,0.004,0
2015-Apr,0.006,-0.037,-0.015,0.053,0.017,-0.071,-0.07,0.018,0.036,-0.01,-0.092,-0.039,-0.008,-0.02,-0.021,-0.019,-0.059,-0.007,-0.01,-0.018,-0.015,0
2015-May,0.03,0.006,-0.037,-0.015,0.053,0.017,-0.071,0.047,0.018,0.036,-0.01,-0.092,-0.039,-0.008,-0.013,-0.021,-0.019,-0.059,-0.007,-0.01,-0.018,0
2015-Jun,-0.042,0.03,0.006,-0.037,-0.015,0.053,0.017,-0.075,0.047,0.018,0.036,-0.01,-0.092,-0.039,0.01,-0.013,-0.021,-0.019,-0.059,-0.007,-0.01,1
2015-Jul,-0.064,-0.042,0.03,0.006,-0.037,-0.015,0.053,-0.067,-0.075,0.047,0.018,0.036,-0.01,-0.092,-0.01,0.01,-0.013,-0.021,-0.019,-0.059,-0.007,0
2015-Aug,-0.009,-0.064,-0.042,0.03,0.006,-0.037,-0.015,-0.061,-0.067,-0.075,0.047,0.018,0.036,-0.01,-0.026,-0.01,0.01,-0.013,-0.021,-0.019,-0.059,0
2015-Sep,-0.015,-0.009,-0.064,-0.042,0.03,0.006,-0.037,0.016,-0.061,-0.067,-0.075,0.047,0.018,0.036,-0.013,-0.026,-0.01,0.01,-0.013,-0.021,-0.019,0
2015-Oct,0.067,-0.015,-0.009,-0.064,-0.042,0.03,0.006,0.001,0.016,-0.061,-0.067,-0.075,0.047,0.018,-0.047,-0.013,-0.026,-0.01,0.01,-0.013,-0.021,0
2015-Nov,-0.076,0.067,-0.015,-0.009,-0.064,-0.042,0.03,-0.089,0.001,0.016,-0.061,-0.067,-0.075,0.047,-0.035,-0.047,-0.013,-0.026,-0.01,0.01,-0.013,1
2015-Dec,-0.031,-0.076,0.067,-0.015,-0.009,-0.064,-0.042,-0.033,-0.089,0.001,0.016,-0.061,-0.067,-0.075,-0.017,-0.035,-0.047,-0.013,-0.026,-0.01,0.01,1
2016-Jan,-0.003,-0.031,-0.076,0.067,-0.015,-0.009,-0.064,-0.034,-0.033,-0.089,0.001,0.016,-0.061,-0.067,0.005,-0.017,-0.035,-0.047,-0.013,-0.026,-0.01,0
2016-Feb,0.075,-0.003,-0.031,-0.076,0.067,-0.015,-0.009,0.031,-0.034,-0.033,-0.089,0.001,0.016,-0.061,-0.002,0.005,-0.017,-0.035,-0.047,-0.013,-0.026,0
2016-Mar,0.023,0.075,-0.003,-0.031,-0.076,0.067,-0.015,0.076,0.031,-0.034,-0.033,-0.089,0.001,0.016,0.016,-0.002,0.005,-0.017,-0.035,-0.047,-0.013,1
2016-Apr,0.054,0.023,0.075,-0.003,-0.031,-0.076,0.067,-0.023,0.076,0.031,-0.034,-0.033,-0.089,0.001,0.051,0.016,-0.002,0.005,-0.017,-0.035,-0.047,1
2016-May,0.039,0.054,0.023,0.075,-0.003,-0.031,-0.076,-0.033,-0.023,0.076,0.031,-0.034,-0.033,-0.089,0.047,0.051,0.016,-0.002,0.005,-0.017,-0.035,0
2016-Jun,0.017,0.039,0.054,0.023,0.075,-0.003,-0.031,-0.007,-0.033,-0.023,0.076,0.031,-0.034,-0.033,0.003,0.047,0.051,0.016,-0.002,0.005,-0.017,0
2016-Jul,0.16,0.017,0.039,0.054,0.023,0.075,-0.003,0.053,-0.007,-0.033,-0.023,0.076,0.031,-0.034,0.001,0.003,0.047,0.051,0.016,-0.002,0.005,0
2016-Aug,-0.014,0.16,0.017,0.039,0.054,0.023,0.075,-0.03,0.053,-0.007,-0.033,-0.023,0.076,0.031,0.007,0.001,0.003,0.047,0.051,0.016,-0.002,0
2016-Sep,-0.018,-0.014,0.16,0.017,0.039,0.054,0.023,0.001,-0.03,0.053,-0.007,-0.033,-0.023,0.076,-0.019,0.007,0.001,0.003,0.047,0.051,0.016,0
2016-Oct,-0.08,-0.018,-0.014,0.16,0.017,0.039,0.054,0.001,0.001,-0.03,0.053,-0.007,-0.033,-0.023,-0.025,-0.019,0.007,0.001,0.003,0.047,0.051,0
2016-Nov,-0.018,-0.08,-0.018,-0.014,0.16,0.017,0.039,0.15,0.001,0.001,-0.03,0.053,-0.007,-0.033,0.016,-0.025,-0.019,0.007,0.001,0.003,0.047,0
2016-Dec,-0.06,-0.018,-0.08,-0.018,-0.014,0.16,0.017,0.04,0.15,0.001,0.001,-0.03,0.053,-0.007,0.038,0.016,-0.025,-0.019,0.007,0.001,0.003,0
2017-Jan,0.026,-0.06,-0.018,-0.08,-0.018,-0.014,0.16,0.023,0.04,0.15,0.001,0.001,-0.03,0.053,0.043,0.038,0.016,-0.025,-0.019,0.007,0.001,0
2017-Feb,0.063,0.026,-0.06,-0.018,-0.08,-0.018,-0.014,0.028,0.023,0.04,0.15,0.001,0.001,-0.03,0.012,0.043,0.038,0.016,-0.025,-0.019,0.007,0
2017-Mar,-0.016,0.063,0.026,-0.06,-0.018,-0.08,-0.018,-0.018,0.028,0.023,0.04,0.15,0.001,0.001,0.029,0.012,0.043,0.038,0.016,-0.025,-0.019,0
2017-Apr,0.027,-0.016,0.063,0.026,-0.06,-0.018,-0.08,-0.023,-0.018,0.028,0.023,0.04,0.15,0.001,-0.006,0.029,0.012,0.043,0.038,0.016,-0.025,0
2017-May,-0.072,0.027,-0.016,0.063,0.026,-0.06,-0.018,-0.013,-0.023,-0.018,0.028,0.023,0.04,0.15,0.008,-0.006,0.029,0.012,0.043,0.038,0.016,0
2017-Jun,0.011,-0.072,0.027,-0.016,0.063,0.026,-0.06,0.019,-0.013,-0.023,-0.018,0.028,0.023,0.04,0.001,0.008,-0.006,0.029,0.012,0.043,0.038,0
2017-Jul,-0.047,0.011,-0.072,0.027,-0.016,0.063,0.026,0.05,0.019,-0.013,-0.023,-0.018,0.028,0.023,0.009,0.001,0.008,-0.006,0.029,0.012,0.043,0
2017-Aug,0.047,-0.047,0.011,-0.072,0.027,-0.016,0.063,0.082,0.05,0.019,-0.013,-0.023,-0.018,0.028,-0.008,0.009,0.001,0.008,-0.006,0.029,0.012,0
2017-Sep,0.032,0.047,-0.047,0.011,-0.072,0.027,-0.016,0.015,0.082,0.05,0.019,-0.013,-0.023,-0.018,0.007,-0.008,0.009,0.001,0.008,-0.006,0.029,1
2017-Oct,-0.029,0.032,0.047,-0.047,0.011,-0.072,0.027,0.035,0.015,0.082,0.05,0.019,-0.013,-0.023,-0.019,0.007,-0.008,0.009,0.001,0.008,-0.006,0
2017-Nov,0.004,-0.029,0.032,0.047,-0.047,0.011,-0.072,-0.003,0.035,0.015,0.082,0.05,0.019,-0.013,-0.013,-0.019,0.007,-0.008,0.009,0.001,0.008,0
2017-Dec,-0.05,0.004,-0.029,0.032,0.047,-0.047,0.011,0.002,-0.003,0.035,0.015,0.082,0.05,0.019,0.02,-0.013,-0.019,0.007,-0.008,0.009,0.001,0
2018-Jan,0.062,-0.05,0.004,-0.029,0.032,0.047,-0.047,0.035,0.002,-0.003,0.035,0.015,0.082,0.05,0.022,0.02,-0.013,-0.019,0.007,-0.008,0.009,0
2018-Feb,-0.03,0.062,-0.05,0.004,-0.029,0.032,0.047,-0.011,0.035,0.002,-0.003,0.035,0.015,0.082,0.021,0.022,0.02,-0.013,-0.019,0.007,-0.008,0
2018-Mar,-0.011,-0.03,0.062,-0.05,0.004,-0.029,0.032,-0.03,-0.011,0.035,0.002,-0.003,0.035,0.015,0.024,0.021,0.022,0.02,-0.013,-0.019,0.007,0
2018-Apr,0.008,-0.011,-0.03,0.062,-0.05,0.004,-0.029,0.004,-0.03,-0.011,0.035,0.002,-0.003,0.035,0.029,0.024,0.021,0.022,0.02,-0.013,-0.019,0
2018-May,-0.008,0.008,-0.011,-0.03,0.062,-0.05,0.004,-0.005,0.004,-0.03,-0.011,0.035,0.002,-0.003,0.021,0.029,0.024,0.021,0.022,0.02,-0.013,0
2018-Jun,0.003,-0.008,0.008,-0.011,-0.03,0.062,-0.05,0.014,-0.005,0.004,-0.03,-0.011,0.035,0.002,0.015,0.021,0.029,0.024,0.021,0.022,0.02,0
2018-Jul,-0.049,0.003,-0.008,0.008,-0.011,-0.03,0.062,-0.102,0.014,-0.005,0.004,-0.03,-0.011,0.035,0.007,0.015,0.021,0.029,0.024,0.021,0.022,0
2018-Aug,-0.045,-0.049,0.003,-0.008,0.008,-0.011,-0.03,-0.036,-0.102,0.014,-0.005,0.004,-0.03,-0.011,0.002,0.007,0.015,0.021,0.029,0.024,0.021,0
2018-Sep,-0.049,-0.045,-0.049,0.003,-0.008,0.008,-0.011,0.003,-0.036,-0.102,0.014,-0.005,0.004,-0.03,0,0.002,0.007,0.015,0.021,0.029,0.024,0
2018-Oct,0.022,-0.049,-0.045,-0.049,0.003,-0.008,0.008,0.021,0.003,-0.036,-0.102,0.014,-0.005,0.004,-0.002,0,0.002,0.007,0.015,0.021,0.029,1
2018-Nov,-0.015,0.022,-0.049,-0.045,-0.049,0.003,-0.008,-0.006,0.021,0.003,-0.036,-0.102,0.014,-0.005,0.011,-0.002,0,0.002,0.007,0.015,0.021,0
2018-Dec,0.023,-0.015,0.022,-0.049,-0.045,-0.049,0.003,-0.01,-0.006,0.021,0.003,-0.036,-0.102,0.014,-0.004,0.011,-0.002,0,0.002,0.007,0.015,0
2019-Jan,0.061,0.023,-0.015,0.022,-0.049,-0.045,-0.049,-0.02,-0.01,-0.006,0.021,0.003,-0.036,-0.102,-0.022,-0.004,0.011,-0.002,0,0.002,0.007,0
2019-Feb,0.014,0.061,0.023,-0.015,0.022,-0.049,-0.045,0.069,-0.02,-0.01,-0.006,0.021,0.003,-0.036,-0.02,-0.022,-0.004,0.011,-0.002,0,0.002,0
2019-Mar,-0.031,0.014,0.061,0.023,-0.015,0.022,-0.049,0.017,0.069,-0.02,-0.01,-0.006,0.021,0.003,0.012,-0.02,-0.022,-0.004,0.011,-0.002,0,0
2019-Apr,-0.018,-0.031,0.014,0.061,0.023,-0.015,0.022,0.005,0.017,0.069,-0.02,-0.01,-0.006,0.021,-0.019,0.012,-0.02,-0.022,-0.004,0.011,-0.002,0
2019-May,-0.028,-0.018,-0.031,0.014,0.061,0.023,-0.015,-0.062,0.005,0.017,0.069,-0.02,-0.01,-0.006,-0.018,-0.019,0.012,-0.02,-0.022,-0.004,0.011,0
2019-Jun,0.025,-0.028,-0.018,-0.031,0.014,0.061,0.023,-0.021,-0.062,0.005,0.017,0.069,-0.02,-0.01,-0.032,-0.018,-0.019,0.012,-0.02,-0.022,-0.004,1
2019-Jul,0.05,0.025,-0.028,-0.018,-0.031,0.014,0.061,0.006,-0.021,-0.062,0.005,0.017,0.069,-0.02,-0.025,-0.032,-0.018,-0.019,0.012,-0.02,-0.022,0
2019-Aug,0.088,0.05,0.025,-0.028,-0.018,-0.031,0.014,-0.042,0.006,-0.021,-0.062,0.005,0.017,0.069,0.004,-0.025,-0.032,-0.018,-0.019,0.012,-0.02,1
2019-Sep,0.06,0.088,0.05,0.025,-0.028,-0.018,-0.031,0.014,-0.042,0.006,-0.021,-0.062,0.005,0.017,-0.025,0.004,-0.025,-0.032,-0.018,-0.019,0.012,1
2019-Oct,-0.03,0.06,0.088,0.05,0.025,-0.028,-0.018,0.002,0.014,-0.042,0.006,-0.021,-0.062,0.005,-0.028,-0.025,0.004,-0.025,-0.032,-0.018,-0.019,1
2019-Nov,-0.025,-0.03,0.06,0.088,0.05,0.025,-0.028,0.014,0.002,0.014,-0.042,0.006,-0.021,-0.062,-0.006,-0.028,-0.025,0.004,-0.025,-0.032,-0.018,0
2019-Dec,-0.004,-0.025,-0.03,0.06,0.088,0.05,0.025,0.041,0.014,0.002,0.014,-0.042,0.006,-0.021,0.011,-0.006,-0.028,-0.025,0.004,-0.025,-0.032,0
2020-Jan,0.05,-0.004,-0.025,-0.03,0.06,0.088,0.05,-0.008,0.041,0.014,0.002,0.014,-0.042,0.006,0.023,0.011,-0.006,-0.028,-0.025,0.004,-0.025,0
2020-Feb,-0.002,0.05,-0.004,-0.025,-0.03,0.06,0.088,-0.061,-0.008,0.041,0.014,0.002,0.014,-0.042,-0.014,0.023,0.011,-0.006,-0.028,-0.025,0.004,0
2020-Mar,-0.168,-0.002,0.05,-0.004,-0.025,-0.03,0.06,-0.086,-0.061,-0.008,0.041,0.014,0.002,0.014,0.007,-0.014,0.023,0.011,-0.006,-0.028,-0.025,0
2020-Apr,0.008,-0.168,-0.002,0.05,-0.004,-0.025,-0.03,-0.028,-0.086,-0.061,-0.008,0.041,0.014,0.002,-0.028,0.007,-0.014,0.023,0.011,-0.006,-0.028,0
2020-May,0.08,0.008,-0.168,-0.002,0.05,-0.004,-0.025,0.04,-0.028,-0.086,-0.061,-0.008,0.041,0.014,-0.006,-0.028,0.007,-0.014,0.023,0.011,-0.006,0
2020-Jun,0.092,0.08,0.008,-0.168,-0.002,0.05,-0.004,0.091,0.04,-0.028,-0.086,-0.061,-0.008,0.041,0,-0.006,-0.028,0.007,-0.014,0.023,0.011,1
2020-Jul,0.152,0.092,0.08,0.008,-0.168,-0.002,0.05,0.109,0.091,0.04,-0.028,-0.086,-0.061,-0.008,-0.013,0,-0.006,-0.028,0.007,-0.014,0.023,0
2020-Aug,0.318,0.152,0.092,0.08,0.008,-0.168,-0.002,0.015,0.109,0.091,0.04,-0.028,-0.086,-0.061,-0.002,-0.013,0,-0.006,-0.028,0.007,-0.014,0
2020-Sep,-0.037,0.318,0.152,0.092,0.08,0.008,-0.168,0.036,0.015,0.109,0.091,0.04,-0.028,-0.086,0.024,-0.002,-0.013,0,-0.006,-0.028,0.007,0
2020-Oct,-0.063,-0.037,0.318,0.152,0.092,0.08,0.008,0.01,0.036,0.015,0.109,0.091,0.04,-0.028,0.011,0.024,-0.002,-0.013,0,-0.006,-0.028,0
2020-Nov,-0.008,-0.063,-0.037,0.318,0.152,0.092,0.08,0.048,0.01,0.036,0.015,0.109,0.091,0.04,0.018,0.011,0.024,-0.002,-0.013,0,-0.006,0
2020-Dec,0.035,-0.008,-0.063,-0.037,0.318,0.152,0.092,0.103,0.048,0.01,0.036,0.015,0.109,0.091,0.073,0.018,0.011,0.024,-0.002,-0.013,0,0
2021-Jan,0.041,0.035,-0.008,-0.063,-0.037,0.318,0.152,0.024,0.103,0.048,0.01,0.036,0.015,0.109,0.082,0.073,0.018,0.011,0.024,-0.002,-0.013,0
2021-Feb,0.056,0.041,0.035,-0.008,-0.063,-0.037,0.318,0.064,0.024,0.103,0.048,0.01,0.036,0.015,0.041,0.082,0.073,0.018,0.011,0.024,-0.002,0
2021-Mar,-0.064,0.056,0.041,0.035,-0.008,-0.063,-0.037,0.06,0.064,0.024,0.103,0.048,0.01,0.036,0.135,0.041,0.082,0.073,0.018,0.011,0.024,0
